"ID","Name","LongName","Parent","Component","AD","CC","CCL","CCO","CD","CI","CLC","CLLC","CLOC","LDC","LLDC","LLOC","LOC","NA","NCL","NEN","NG","NIN","NM","NPA","NPKG","NPM","NS","PDA","PUA","TAD","TCD","TCLOC","TLLOC","TLOC","TNA","TNCL","TNDI","TNEN","TNFI","TNG","TNIN","TNM","TNOS","TNPA","TNPCL","TNPEN","TNPIN","TNPKG","TNPM","TNS","TPDA","TPUA","WarningBlocker","WarningCritical","WarningInfo","WarningMajor","WarningMinor","Anti Pattern","Best Practice Rules","Code Style Rules","Design Rules","Documentation Rules","Error Prone Rules","Multithreading Rules","Performance Rules","Runtime Rules","Security Rules"
"L100","<root_package>","<root_package>","__LogicalRoot__","L103","0","0.02777","35","323","0","83","0.0191798","0.0246528","0","1764","1491","0","0","0","0","0","0","0","0","0","3","0","0","0","0","0.124447","0","16933","61076","91972","0","778","128","8","618","2192","47","6601","26114","0","597","7","47","121","5454","979","732","5150","0","217","2860","551","5488","274","519","4796","283","0","421","73","164","0","0"
"L104","br","br","L100","L103","0","0","0","0","0","0","0","0","0","0","0","0","0","0","0","0","0","0","0","0","1","0","0","0","0","0","0","47","1132","1424","0","12","18","0","12","42","0","144","399","0","12","0","0","10","119","33","0","131","0","0","47","20","100","1","6","86","18","0","7","0","3","0","0"
"L885","com","com","L100","L103","0","0.0283052","35","323","0","83","0.019499","0.0251472","0","1764","1491","0","0","0","0","0","0","0","0","0","1","0","0","0","0","0.127349","0","16885","59886","90466","0","764","114","8","604","2150","47","6453","25703","0","583","7","47","106","5334","945","732","5016","0","217","2811","530","5378","273","507","4707","263","0","414","73","161","0","0"
"L31784","test","test","L100","L103","0","0","0","0","0","0","0","0","0","0","0","0","0","0","0","0","0","0","0","0","2","0","0","0","0","0","0","1","58","82","0","2","10","0","2","0","0","4","12","0","2","0","0","2","1","1","0","3","0","0","2","1","10","0","6","3","2","0","0","0","0","0","0"
"L105","org","br.org","L104","L103","0","0","0","0","0","0","0","0","0","0","0","0","0","0","0","0","0","0","0","0","1","0","0","0","0","0","0","47","1132","1424","0","12","18","0","12","42","0","144","399","0","12","0","0","9","119","33","0","131","0","0","47","20","100","1","6","86","18","0","7","0","3","0","0"
"L886","serotonin","com.serotonin","L885","L103","0","0.0283052","35","323","0","83","0.019499","0.0251472","0","1764","1491","0","0","0","0","0","0","0","0","0","1","0","0","0","0","0.127349","0","16885","59886","90466","0","764","114","8","604","2150","47","6453","25703","0","583","7","47","105","5334","945","732","5016","0","217","2811","530","5378","273","507","4707","263","0","414","73","161","0","0"
"L31785","acceptance","test.acceptance","L31784","L103","0","0","0","0","0","0","0","0","0","0","0","32","47","0","1","0","0","0","3","0","0","1","1","0","2","0","0","0","32","47","0","1","10","0","1","0","0","3","9","0","1","0","0","0","1","1","0","2","0","0","1","1","1","0","1","0","1","0","0","0","0","0","0"
"L31797","unit","test.unit","L31784","L103","0","0","0","0","0","0","0","0","1","0","0","26","35","0","1","0","0","0","1","0","0","0","0","0","1","0","0","1","26","35","0","1","9","0","1","0","0","1","3","0","1","0","0","0","0","0","0","1","0","0","1","0","9","0","5","3","1","0","0","0","0","0","0"
"L106","scadabr","br.org.scadabr","L105","L103","0","0","0","0","0","0","0","0","0","0","0","0","0","0","0","0","0","0","0","0","2","0","0","0","0","0","0","47","1132","1424","0","12","18","0","12","42","0","144","399","0","12","0","0","8","119","33","0","131","0","0","47","20","100","1","6","86","18","0","7","0","3","0","0"
"L887","mango","com.serotonin.mango","L886","L103","0.238095","0.0283052","35","323","0","83","0.0429688","0.0539846","174","22","21","742","1044","0","4","0","26","3","51","0","6","35","3","10","32","0.127349","0","16885","59886","90466","0","764","114","8","604","2150","47","6453","25703","0","583","7","47","104","5334","945","732","5016","0","217","2811","530","5378","273","507","4707","263","0","414","73","161","0","0"
"L107","rt","br.org.scadabr.rt","L106","L103","0","0","0","0","0","0","0","0","0","0","0","0","0","0","0","0","0","0","0","0","1","0","0","0","0","0","0","3","317","383","0","6","14","0","6","2","0","20","127","0","6","0","0","3","17","2","0","23","0","0","10","18","15","1","6","9","13","0","5","0","0","0","0"
"L396","vo","br.org.scadabr.vo","L106","L103","0","0","0","0","0","0","0","0","0","0","0","0","0","0","0","0","0","0","0","0","1","0","0","0","0","0","0","44","815","1041","0","6","14","0","6","40","0","124","272","0","6","0","0","3","102","31","0","108","0","0","37","2","85","0","0","77","5","0","2","0","3","0","0"
"L1273","db","com.serotonin.mango.db","L887","L103","0.0444444","0","0","0","0","0","0","0","198","0","0","673","972","0","14","1","23","0","66","0","2","40","2","2","43","0.166667","0","1901","6247","9134","0","159","13","1","63","181","0","546","2410","0","66","1","0","2","372","30","58","290","0","57","262","35","426","12","37","361","13","0","94","0","13","0","0"
"L6106","rt","com.serotonin.mango.rt","L887","L103","0.213115","0.0188876","5","61","0","9","0","0","233","0","0","812","1241","0","3","0","13","0","83","0","6","58","3","13","48","0.172999","0","5708","16149","25508","0","222","49","3","202","459","13","1644","7240","0","190","2","13","38","1333","74","255","1219","0","66","689","167","1677","69","155","1451","122","0","90","58","34","0","0"
"L15521","util","com.serotonin.mango.util","L887","L103","0.241379","0","0","0","0","0","0","0","260","0","0","384","756","0","10","0","18","2","52","0","3","47","2","14","44","0.263636","0","626","1107","3197","0","14","14","0","17","38","4","104","343","0","13","0","4","3","93","3","29","81","0","4","30","20","54","4","34","34","3","0","5","0","2","0","0"
"L15970","view","com.serotonin.mango.view","L887","L103","0.021978","0.0080888","1","10","0","2","0","0","166","0","0","622","932","0","8","0","40","0","91","0","8","83","21","2","89","0.0887574","0","1976","5092","8394","0","72","19","0","74","329","7","748","2003","0","70","0","7","8","604","78","60","616","0","19","253","68","548","10","47","501","11","0","41","5","30","0","0"
"L18768","vo","com.serotonin.mango.vo","L887","L103","0.0680628","0.0391787","15","115","0","37","0","0","268","0","0","1373","1917","0","9","0","73","3","181","0","9","179","65","13","178","0.079947","0","3462","18563","25680","0","157","44","4","126","874","18","2454","7287","0","124","4","18","33","2160","623","181","2083","0","14","873","121","1631","59","141","1473","43","0","80","2","27","0","0"
"L26012","web","com.serotonin.mango.web","L887","L103","0","0.0476227","14","136","0","34","0","0","18","0","0","95","137","0","1","0","14","0","16","0","8","16","0","0","17","0.166667","0","3038","11986","17509","0","136","25","0","118","243","2","906","6052","0","116","0","2","14","737","134","139","695","0","54","679","114","963","112","68","846","70","0","102","5","40","0","0"
"L108","dataSource","br.org.scadabr.rt.dataSource","L107","L103","0","0","0","0","0","0","0","0","0","0","0","0","0","0","0","0","0","0","0","0","2","0","0","0","0","0","0","3","317","383","0","6","14","0","6","2","0","20","127","0","6","0","0","2","17","2","0","23","0","0","10","18","15","1","6","9","13","0","5","0","0","0","0"
"L397","dataSource","br.org.scadabr.vo.dataSource","L396","L103","0","0","0","0","0","0","0","0","0","0","0","0","0","0","0","0","0","0","0","0","2","0","0","0","0","0","0","44","815","1041","0","6","14","0","6","40","0","124","272","0","6","0","0","2","102","31","0","108","0","0","37","2","85","0","0","77","5","0","2","0","3","0","0"
"L1368","dao","com.serotonin.mango.db.dao","L1273","L103","0.0758929","0","0","0","0","0","0","0","616","0","0","3457","4635","0","91","0","117","0","369","0","0","277","23","17","207","0.0758929","0","616","3457","4635","0","91","12","0","17","117","0","369","1457","0","20","0","0","0","277","23","17","207","0","5","170","10","259","10","18","239","3","0","5","0","9","0","0"
"L4745","upgrade","com.serotonin.mango.db.upgrade","L1273","L103","0.493671","0","0","0","0","0","0","0","1087","0","0","2117","3527","0","54","0","41","0","111","0","0","55","5","39","40","0.493671","0","1087","2117","3527","0","54","12","0","39","41","0","111","660","0","39","0","0","0","55","5","39","40","0","37","71","18","118","2","13","81","7","0","71","0","1","0","0"
"L6111","dataImage","com.serotonin.mango.rt.dataImage","L6106","L103","0.168067","0","0","0","0","0","0","0","369","0","0","827","1412","0","10","0","53","4","120","0","1","108","5","20","99","0.115556","0","499","1388","2231","0","16","13","0","18","97","4","220","607","0","15","0","4","1","208","8","26","199","0","6","58","20","173","4","18","155","19","0","5","0","2","0","0"
"L6931","dataSource","com.serotonin.mango.rt.dataSource","L6106","L103","0.176471","0.00742918","1","14","0","2","0","0","171","0","0","339","585","0","6","0","8","0","35","0","21","28","3","6","28","0.18693","0","2847","8387","13073","0","121","33","1","110","188","2","725","3823","0","105","1","2","21","591","39","123","535","0","38","302","90","787","43","72","687","69","0","56","20","11","0","0"
"L11916","event","com.serotonin.mango.rt.event","L6106","L103","0.0727273","0.0835776","4","47","0","7","0","0","140","0","0","268","490","0","3","0","23","4","50","0","6","48","9","4","51","0.168798","0","1498","3106","5353","0","45","18","1","46","129","6","417","1258","0","44","0","6","6","344","23","66","325","0","2","222","18","338","9","24","286","15","0","6","21","6","0","0"
"L13776","link","com.serotonin.mango.rt.link","L6106","L103","0.214286","0","0","0","0","0","0","0","37","0","0","133","199","0","1","0","3","0","18","0","0","13","0","3","11","0.214286","0","37","133","199","0","1","12","0","1","3","0","18","51","0","1","0","0","0","13","0","3","11","0","0","5","0","6","0","1","5","0","0","0","0","0","0","0"
"L13837","maint","com.serotonin.mango.rt.maint","L6106","L103","0.26087","0","0","0","0","0","0","0","131","0","0","440","668","0","9","0","3","0","33","0","1","21","0","6","17","0.234043","0","302","886","1384","0","16","13","0","10","11","1","64","384","0","9","0","1","1","48","1","11","36","0","9","30","16","97","3","20","73","9","0","14","2","4","0","0"
"L14362","publish","com.serotonin.mango.rt.publish","L6106","L103","0.162162","0","0","0","0","0","0","0","104","0","0","320","501","0","5","0","5","0","45","0","3","32","0","6","31","0.166667","0","292","1437","2027","0","20","15","1","14","18","0","117","665","0","13","1","0","3","71","0","13","65","0","11","48","21","166","7","15","147","7","0","8","13","8","0","0"
"L15734","mindprod","com.serotonin.mango.util.mindprod","L15521","L103","1","0","0","0","0","0","0","0","306","0","0","555","2161","0","1","0","0","0","17","0","0","13","0","14","0","1","0","306","555","2161","0","1","12","0","1","0","0","17","132","0","1","0","0","0","13","0","14","0","0","4","4","1","11","2","11","1","0","0","4","0","0","0","0"
"L15857","test","com.serotonin.mango.util.test","L15521","L103","0.0384615","0","0","0","0","0","0","0","42","0","0","110","184","0","1","0","20","0","25","0","0","25","1","1","25","0.0384615","0","42","110","184","0","1","12","0","1","20","0","25","22","0","1","0","0","0","25","1","1","25","0","0","8","0","1","0","0","1","0","0","0","0","0","0","0"
"L15921","timeout","com.serotonin.mango.util.timeout","L15521","L103","0","0","0","0","0","0","0","0","18","0","0","58","96","0","2","0","0","2","10","0","0","8","0","0","12","0","0","18","58","96","0","2","12","0","4","0","2","10","13","0","2","0","2","0","8","0","0","12","0","0","4","0","0","0","0","0","0","0","0","0","0","0","0"
"L15980","chart","com.serotonin.mango.view.chart","L15970","L103","0.0714286","0","0","0","0","0","0","0","184","0","0","425","723","0","7","0","23","1","61","0","0","48","5","4","52","0.0714286","0","184","425","723","0","7","12","0","7","23","1","61","147","0","7","0","1","0","48","5","4","52","0","1","12","5","43","2","2","44","0","0","2","1","0","0","0"
"L16237","component","com.serotonin.mango.view.component","L15970","L103","0.0857143","0.0111801","1","5","0","1","0","0","465","0","0","1810","2703","0","18","0","69","0","239","0","0","192","33","18","192","0.0857143","0","465","1810","2703","0","18","12","0","17","69","0","239","748","0","18","0","0","0","192","33","18","192","0","5","102","19","182","3","9","153","1","0","23","1","19","0","0"
"L17104","conversion","com.serotonin.mango.view.conversion","L15970","L103","0.2","0","0","0","0","0","0","0","65","0","0","86","178","0","3","0","5","1","17","0","0","16","0","3","12","0.2","0","65","86","178","0","3","12","0","3","5","1","17","21","0","2","0","1","0","16","0","3","12","0","0","5","0","2","0","0","2","0","0","0","0","0","0","0"
"L17194","custom","com.serotonin.mango.view.custom","L15970","L103","0.263158","0","0","0","0","0","0","0","122","0","0","180","349","0","5","0","6","0","17","0","0","14","0","5","14","0.263158","0","122","180","349","0","5","12","0","5","6","0","17","77","0","5","0","0","0","14","0","5","14","0","0","5","0","19","0","0","10","0","0","0","1","8","0","0"
"L17367","export","com.serotonin.mango.view.export","L15970","L103","0.333333","0","0","0","0","0","0","0","27","0","0","37","80","0","1","0","0","0","2","0","0","2","0","1","2","0.333333","0","27","37","80","0","1","12","0","1","0","0","2","25","0","1","0","0","0","2","0","1","2","0","0","1","0","11","0","3","8","0","0","0","0","0","0","0"
"L17384","graphic","com.serotonin.mango.view.graphic","L15970","L103","0.0657895","0.0388601","1","5","0","1","0","0","288","0","0","551","1008","0","10","0","56","1","85","0","0","65","0","5","71","0.0657895","0","288","551","1008","0","10","12","0","11","56","1","85","193","0","10","0","1","0","65","0","5","71","0","1","32","1","58","0","0","58","0","0","1","1","0","0","0"
"L17769","stats","com.serotonin.mango.view.stats","L15970","L103","0.15493","0","0","0","0","0","0","0","344","0","0","488","966","0","9","0","26","3","71","0","0","61","0","11","60","0.15493","0","344","488","966","0","9","12","0","11","26","3","71","220","0","8","0","3","0","61","0","11","60","0","7","16","25","58","0","25","56","1","0","7","0","1","0","0"
"L18059","text","com.serotonin.mango.view.text","L15970","L103","0.0814815","0","0","0","0","0","0","0","315","0","0","893","1455","0","11","0","104","1","165","0","0","123","19","11","124","0.0814815","0","315","893","1455","0","11","12","0","11","104","1","165","310","0","11","0","1","0","123","19","11","124","0","4","50","9","114","1","1","116","2","0","7","1","0","0","0"
"L18785","bean","com.serotonin.mango.vo.bean","L18768","L103","0.111111","0","0","0","0","0","0","0","43","0","0","71","138","0","4","0","7","0","16","0","0","16","5","2","16","0.111111","0","43","71","138","0","4","12","0","3","7","0","16","17","0","3","0","0","0","16","5","2","16","0","0","4","0","2","0","0","0","2","0","0","0","0","0","0"
"L19055","dataSource","com.serotonin.mango.vo.dataSource","L18768","L103","0.2","0.0185338","2","32","0","4","0","0","118","0","0","513","723","0","29","1","21","2","88","0","21","72","5","10","40","0.0947205","0","2127","11037","15234","0","96","33","3","71","480","12","1458","4027","0","69","3","12","21","1231","331","122","1166","0","1","479","71","1014","24","108","907","10","0","44","0","17","0","0"
"L23351","event","com.serotonin.mango.vo.event","L18768","L103","0.0233463","0.0888606","4","56","0","8","0","0","170","0","0","2415","2986","0","7","0","113","0","273","0","0","250","94","6","251","0.0233463","0","170","2415","2986","0","7","12","0","7","113","0","273","1072","0","7","0","0","0","250","94","6","251","0","6","148","26","209","20","8","203","11","0","15","1","3","0","0"
"L24018","hierarchy","com.serotonin.mango.vo.hierarchy","L18768","L103","0.0909091","0","0","0","0","0","0","0","51","0","0","234","347","0","3","0","8","1","34","0","0","29","4","3","30","0.0909091","0","51","234","347","0","3","12","0","4","8","1","34","109","0","3","0","1","0","29","4","3","30","0","0","5","0","22","0","0","22","0","0","0","0","0","0","0"
"L24108","link","com.serotonin.mango.vo.link","L18768","L103","0.0909091","0","0","0","0","0","0","0","25","0","0","156","216","0","1","0","7","0","21","0","0","21","7","2","20","0.0909091","0","25","156","216","0","1","12","0","1","7","0","21","63","0","1","0","0","0","21","7","2","20","0","0","6","1","8","0","0","8","0","0","1","0","0","0","0"
"L24179","mailingList","com.serotonin.mango.vo.mailingList","L18768","L103","0.0185185","0","0","0","0","0","0","0","104","0","0","296","485","0","5","0","22","0","50","0","0","49","8","1","53","0.0185185","0","104","296","485","0","5","12","0","5","22","0","50","87","0","5","0","0","0","49","8","1","53","0","0","10","3","23","0","1","24","0","0","1","0","0","0","0"
"L24297","permission","com.serotonin.mango.vo.permission","L18768","L103","0.25641","0","0","0","0","0","0","0","87","0","0","254","395","0","3","0","5","1","38","0","0","35","2","10","29","0.25641","0","87","254","395","0","3","12","0","3","5","1","38","113","0","3","0","1","0","35","2","10","29","0","0","9","2","41","2","6","36","0","0","1","0","0","0","0"
"L24440","publish","com.serotonin.mango.vo.publish","L18768","L103","0.0454545","0","0","0","0","0","0","0","54","0","0","322","449","0","5","1","17","0","52","0","3","44","11","2","42","0.036036","0","206","915","1326","0","11","15","1","8","47","0","131","312","0","8","1","0","3","105","32","4","107","0","0","45","6","94","2","2","89","5","0","4","0","0","0","0"
"L24839","report","com.serotonin.mango.vo.report","L18768","L103","0.0717131","0.137484","8","23","0","23","0","0","381","0","0","1812","2636","0","18","0","112","1","252","0","0","245","75","18","233","0.0717131","0","381","1812","2636","0","18","12","0","15","112","1","252","871","0","16","0","1","0","245","75","18","233","0","5","100","4","89","5","3","80","7","0","3","1","4","0","0"
"L26015","comparators","com.serotonin.mango.web.comparators","L26012","L103","0","0","0","0","0","0","0","0","54","0","0","110","187","0","3","0","0","0","5","0","0","5","0","0","8","0","0","54","110","187","0","3","12","0","3","0","0","5","67","0","3","0","0","0","5","0","0","8","0","0","4","0","23","1","0","21","0","0","0","0","2","0","0"
"L26108","dwr","com.serotonin.mango.web.dwr","L26012","L103","0.196875","0.0606374","13","132","0","32","0","0","834","0","0","5626","7516","0","27","0","63","0","357","0","3","301","34","63","257","0.172783","0","1858","8886","12487","0","74","15","0","64","189","2","702","4697","0","62","0","2","3","596","98","113","541","0","22","557","93","672","102","49","587","53","0","62","4","32","0","0"
"L30541","email","com.serotonin.mango.web.email","L26012","L103","0.153846","0","0","0","0","0","0","0","46","0","0","232","324","0","4","0","4","0","11","0","0","9","0","2","11","0.153846","0","46","232","324","0","4","12","0","4","4","0","11","95","0","4","0","0","0","9","0","2","11","0","0","5","1","32","1","1","31","0","0","0","0","1","0","0"
"L30603","filter","com.serotonin.mango.web.filter","L26012","L103","0.2","0","0","0","0","0","0","0","107","0","0","143","294","0","5","0","0","0","12","0","0","10","0","3","12","0.2","0","107","143","294","0","5","12","0","5","0","0","12","35","0","5","0","0","0","10","0","3","12","0","0","8","3","10","0","1","6","5","0","1","0","0","0","0"
"L30713","integration","com.serotonin.mango.web.integration","L26012","L103","0","0","0","0","0","0","0","0","6","0","0","129","159","0","1","0","1","0","8","0","0","7","1","0","8","0","0","6","129","159","0","1","12","0","1","1","0","8","44","0","1","0","0","0","7","1","0","8","0","7","2","1","11","0","0","10","1","0","7","1","0","0","0"
"L30745","mvc","com.serotonin.mango.web.mvc","L26012","L103","0","0","0","0","0","0","0","0","18","0","0","29","55","0","1","0","2","0","4","0","3","4","1","0","5","0.125","0","506","1342","2173","0","25","15","0","22","20","0","79","617","0","22","0","0","3","48","20","8","56","0","8","46","7","108","4","4","96","10","0","9","0","4","0","0"
"L31301","servlet","com.serotonin.mango.web.servlet","L26012","L103","0.583333","0.0494682","1","4","0","2","0.0875","0.0898876","284","21","16","711","1152","0","16","0","5","0","31","0","0","10","1","7","5","0.583333","0","284","711","1152","0","16","12","0","11","5","0","31","332","0","11","0","0","0","10","1","7","5","0","15","43","7","83","4","11","72","0","0","21","0","1","0","0"
"L31564","taglib","com.serotonin.mango.web.taglib","L26012","L103","0.139535","0","0","0","0","0","0","0","159","0","0","338","596","0","7","0","10","0","42","0","0","36","14","6","37","0.139535","0","159","338","596","0","7","12","0","7","10","0","42","129","0","7","0","0","0","36","14","6","37","0","2","10","1","18","0","2","17","0","0","2","0","0","0","0"
"L109","dnp3","br.org.scadabr.rt.dataSource.dnp3","L108","L103","0","0","0","0","0","0","0","0","3","0","0","182","224","0","4","0","1","0","12","0","0","10","1","0","14","0","0","3","182","224","0","4","13","0","4","1","0","12","70","0","4","0","0","0","10","1","0","14","0","0","7","9","7","1","3","4","7","0","2","0","0","0","0"
"L312","opc","br.org.scadabr.rt.dataSource.opc","L108","L103","0","0","0","0","0","0","0","0","0","0","0","135","159","0","2","0","1","0","8","0","0","7","1","0","9","0","0","0","135","159","0","2","13","0","2","1","0","8","57","0","2","0","0","0","7","1","0","9","0","0","3","9","8","0","3","5","6","0","3","0","0","0","0"
"L398","dnp3","br.org.scadabr.vo.dataSource.dnp3","L397","L103","0","0","0","0","0","0","0","0","37","0","0","529","691","0","4","0","27","0","82","0","0","67","21","0","71","0","0","37","529","691","0","4","13","0","4","27","0","82","174","0","4","0","0","0","67","21","0","71","0","0","27","1","59","0","0","52","4","0","1","0","3","0","0"
"L750","opc","br.org.scadabr.vo.dataSource.opc","L397","L103","0","0","0","0","0","0","0","0","7","0","0","286","350","0","2","0","13","0","42","0","0","35","10","0","37","0","0","7","286","350","0","2","13","0","2","13","0","42","98","0","2","0","0","0","35","10","0","37","0","0","10","1","26","0","0","25","1","0","1","0","0","0","0"
"L6679","types","com.serotonin.mango.rt.dataImage.types","L6111","L103","0.0566038","0","0","0","0","0","0","0","130","0","0","561","819","0","6","0","44","0","100","0","0","100","3","6","100","0.0566038","0","130","561","819","0","6","13","0","6","44","0","100","226","0","6","0","0","0","100","3","6","100","0","4","23","17","59","1","7","53","16","0","3","0","1","0","0"
"L6939","bacnet","com.serotonin.mango.rt.dataSource.bacnet","L6931","L103","0.128205","0","0","0","0","0","0","0","102","0","0","652","876","0","4","0","11","0","55","0","0","42","2","5","34","0.128205","0","102","652","876","0","4","13","0","2","11","0","55","309","0","2","0","0","0","42","2","5","34","0","3","21","3","63","5","4","56","2","0","5","1","1","0","0"
"L7416","ebro","com.serotonin.mango.rt.dataSource.ebro","L6931","L103","0.241379","0","0","0","0","0","0","0","121","0","0","296","490","0","4","0","12","0","29","0","0","25","1","7","22","0.241379","0","121","296","490","0","4","13","0","4","12","0","29","117","0","4","0","0","0","25","1","7","22","0","0","9","2","29","2","0","27","2","0","2","0","0","0","0"
"L7684","galil","com.serotonin.mango.rt.dataSource.galil","L6931","L103","0.262295","0","0","0","0","0","0","0","293","0","0","563","1000","0","13","0","19","0","66","0","0","51","1","16","45","0.262295","0","293","563","1000","0","13","13","0","12","19","0","66","221","0","12","0","0","0","51","1","16","45","0","0","24","4","48","1","3","42","3","0","1","3","0","0","0"
"L8063","http","com.serotonin.mango.rt.dataSource.http","L6931","L103","0.196721","0","0","0","0","0","0","0","246","0","0","579","962","0","11","0","28","1","64","0","0","58","5","12","49","0.196721","0","246","579","962","0","11","13","0","10","28","1","64","223","0","9","0","1","0","58","5","12","49","0","0","20","7","58","2","5","44","9","0","5","2","0","0","0"
"L8465","internal","com.serotonin.mango.rt.dataSource.internal","L6931","L103","0.25","0","0","0","0","0","0","0","44","0","0","44","100","0","2","0","1","0","6","0","0","6","1","2","6","0.25","0","44","44","100","0","2","13","0","2","1","0","6","11","0","2","0","0","0","6","1","2","6","0","0","2","0","3","0","0","3","0","0","0","0","0","0","0"
"L8506","jmx","com.serotonin.mango.rt.dataSource.jmx","L6931","L103","0.176471","0","0","0","0","0","0","0","48","0","0","299","407","0","2","0","4","0","20","0","0","15","3","3","14","0.176471","0","48","299","407","0","2","13","0","2","4","0","20","139","0","2","0","0","0","15","3","3","14","0","3","9","6","22","1","3","18","6","0","4","0","0","0","0"
"L8690","mbus","com.serotonin.mango.rt.dataSource.mbus","L6931","L103","0.272727","0","0","0","0","0","0","0","67","0","0","208","303","0","2","1","1","0","11","0","0","8","1","3","8","0.272727","0","67","208","303","0","2","13","1","3","1","0","11","84","0","2","1","0","0","8","1","3","8","0","0","6","2","8","1","0","6","2","0","0","2","0","0","0"
"L8808","meta","com.serotonin.mango.rt.dataSource.meta","L6931","L103","0.137931","0","0","0","0","0","0","0","304","0","0","849","1345","0","16","0","26","0","112","0","0","92","2","12","75","0.137931","0","304","849","1345","0","16","13","0","14","26","0","112","360","0","12","0","0","0","92","2","12","75","0","5","34","2","93","2","5","85","3","0","2","3","2","0","0"
"L9383","modbus","com.serotonin.mango.rt.dataSource.modbus","L6931","L103","0.190476","0","0","0","0","0","0","0","115","0","0","388","587","0","4","0","4","0","22","0","0","17","1","4","17","0.190476","0","115","388","587","0","4","13","0","4","4","0","22","206","0","4","0","0","0","17","1","4","17","0","0","13","2","33","1","2","30","1","0","2","0","0","0","0"
"L9607","nmea","com.serotonin.mango.rt.dataSource.nmea","L6931","L103","0.357143","0","0","0","0","0","0","0","150","0","0","260","489","0","4","0","8","1","28","0","0","23","0","10","18","0.357143","0","150","260","489","0","4","13","0","5","8","1","28","114","0","4","0","1","0","23","0","10","18","0","0","9","7","21","0","3","15","7","0","1","2","0","0","0"
"L9796","onewire","com.serotonin.mango.rt.dataSource.onewire","L6931","L103","0.169231","0.0776604","1","14","0","2","0.207865","0.238532","267","74","52","842","1300","0","9","0","20","0","70","0","0","60","8","11","54","0.169231","0","267","842","1300","0","9","13","0","7","20","0","70","466","0","7","0","0","0","60","8","11","54","0","7","40","11","63","6","5","58","10","0","7","0","1","0","0"
"L10166","openv4j","com.serotonin.mango.rt.dataSource.openv4j","L6931","L103","0.4","0","0","0","0","0","0","0","50","0","0","190","270","0","2","0","2","0","11","0","0","8","1","4","6","0.4","0","50","190","270","0","2","13","0","2","2","0","11","82","0","2","0","0","0","8","1","4","6","0","0","7","2","4","1","0","2","2","0","0","2","0","0","0"
"L10250","pachube","com.serotonin.mango.rt.dataSource.pachube","L6931","L103","0","0","0","0","0","0","0","0","63","0","0","265","384","0","3","0","7","0","18","0","0","16","1","0","19","0","0","63","265","384","0","3","13","0","3","7","0","18","117","0","3","0","0","0","16","1","0","19","0","0","7","3","27","1","0","23","4","0","3","0","0","0","0"
"L10385","persistent","com.serotonin.mango.rt.dataSource.persistent","L6931","L103","0.0625","0","0","0","0","0","0","0","42","0","0","480","606","0","6","0","3","0","24","0","0","16","0","1","15","0.0625","0","42","480","606","0","6","13","0","3","3","0","24","251","0","3","0","0","0","16","0","1","15","0","5","20","3","42","2","5","37","1","0","7","0","0","0","0"
"L10716","pop3","com.serotonin.mango.rt.dataSource.pop3","L6931","L103","0.130435","0","0","0","0","0","0","0","74","0","0","263","396","0","3","0","9","0","23","0","0","20","4","3","20","0.130435","0","74","263","396","0","3","13","0","3","9","0","23","121","0","3","0","0","0","20","4","3","20","0","2","8","4","27","1","0","24","6","0","3","0","0","0","0"
"L10868","snmp","com.serotonin.mango.rt.dataSource.snmp","L6931","L103","0.230769","0","0","0","0","0","0","0","196","0","0","582","912","0","9","0","17","0","50","0","0","32","1","9","30","0.230769","0","196","582","912","0","9","13","0","8","17","0","50","249","0","8","0","0","0","32","1","9","30","0","8","16","5","70","7","14","59","3","0","2","5","0","0","0"
"L11200","spinwave","com.serotonin.mango.rt.dataSource.spinwave","L6931","L103","0.307692","0","0","0","0","0","0","0","61","0","0","111","201","0","2","0","1","0","11","0","0","11","0","4","9","0.307692","0","61","111","201","0","2","13","0","2","1","0","11","42","0","2","0","0","0","11","0","4","9","0","0","3","2","8","0","1","7","1","0","1","0","0","0","0"
"L11280","sql","com.serotonin.mango.rt.dataSource.sql","L6931","L103","0.333333","0","0","0","0","0","0","0","65","0","0","289","405","0","2","0","3","0","12","0","0","7","1","3","6","0.333333","0","65","289","405","0","2","13","0","2","3","0","12","143","0","2","0","0","0","7","1","3","6","0","4","6","3","31","4","3","28","2","0","5","0","0","0","0"
"L11424","viconics","com.serotonin.mango.rt.dataSource.viconics","L6931","L103","0.25","0","0","0","0","0","0","0","90","0","0","407","581","0","3","0","1","0","22","0","0","22","1","5","15","0.25","0","90","407","581","0","3","13","0","2","1","0","22","217","0","2","0","0","0","22","1","5","15","0","0","17","4","40","2","4","34","4","0","2","0","0","0","0"
"L11591","virtual","com.serotonin.mango.rt.dataSource.virtual","L6931","L103","0","0","0","0","0","0","0","0","224","0","0","273","574","0","12","0","2","0","26","0","0","26","2","0","38","0","0","224","273","574","0","12","13","0","12","2","0","26","103","0","12","0","0","0","26","2","0","38","0","0","13","0","26","0","0","23","1","0","1","0","1","0","0"
"L11771","vmstat","com.serotonin.mango.rt.dataSource.vmstat","L6931","L103","0.3","0","0","0","0","0","0","0","54","0","0","208","300","0","2","0","1","0","10","0","0","8","0","3","7","0.3","0","54","208","300","0","2","13","0","2","1","0","10","119","0","2","0","0","0","8","0","3","7","0","1","4","5","34","2","5","29","0","0","2","0","4","0","0"
"L11953","compound","com.serotonin.mango.rt.event.compound","L11916","L103","0.236364","0","0","0","0","0","0","0","246","0","0","393","750","0","10","0","3","0","57","0","0","47","0","13","42","0.236364","0","246","393","750","0","10","13","0","9","3","0","57","167","0","9","0","0","0","47","0","13","42","0","0","15","0","33","2","0","33","0","0","0","0","0","0","0"
"L12227","detectors","com.serotonin.mango.rt.event.detectors","L11916","L103","0.217949","0.0420272","1","10","0","2","0","0","559","0","0","753","1506","0","16","0","23","0","100","0","0","62","7","17","61","0.217949","0","559","753","1506","0","16","13","0","16","23","0","100","283","0","16","0","0","0","62","7","17","61","0","0","66","9","79","0","1","63","2","0","3","15","4","0","0"
"L12726","handlers","com.serotonin.mango.rt.event.handlers","L11916","L103","0.238095","0.110855","1","8","0","2","0","0","118","0","0","290","479","0","4","1","5","0","24","0","0","19","1","5","16","0.238095","0","118","290","479","0","4","13","1","4","5","0","24","129","0","4","0","0","0","19","1","5","16","0","0","32","2","29","3","4","22","3","0","0","2","0","0","0"
"L12927","maintenance","com.serotonin.mango.rt.event.maintenance","L11916","L103","0.0909091","0.458385","1","14","0","1","0.375661","0.414966","10","71","61","151","189","0","1","0","2","0","12","0","0","10","0","1","10","0.0909091","0","10","151","189","0","1","13","0","1","2","0","12","78","0","1","0","0","0","10","0","1","10","0","0","17","0","24","1","0","21","1","0","0","1","1","0","0"
"L13000","schedule","com.serotonin.mango.rt.event.schedule","L11916","L103","0.2","0.455556","1","14","0","1","0.339713","0.42069","34","71","61","149","209","0","1","0","2","0","11","0","0","9","0","2","8","0.2","0","34","149","209","0","1","13","0","1","2","0","11","78","0","1","0","0","0","9","0","2","8","0","0","18","0","24","1","0","21","1","0","0","1","1","0","0"
"L13078","type","com.serotonin.mango.rt.event.type","L11916","L103","0.149068","0.0221839","1","1","0","1","0","0","391","0","0","1102","1730","0","10","0","71","2","163","0","0","149","6","24","137","0.149068","0","391","1102","1730","0","10","13","0","10","71","2","163","438","0","10","0","2","0","149","6","24","137","0","2","55","5","113","2","14","93","8","0","3","2","0","0","0"
"L14068","work","com.serotonin.mango.rt.maint.work","L13837","L103","0.208333","0","0","0","0","0","0","0","171","0","0","446","716","0","7","0","8","1","31","0","0","27","1","5","19","0.208333","0","171","446","716","0","7","13","0","5","8","1","31","190","0","4","0","1","0","27","1","5","19","0","5","13","9","49","1","12","37","3","0","7","0","4","0","0"
"L14369","httpSender","com.serotonin.mango.rt.publish.httpSender","L14362","L103","0.666667","0","0","0","0","0","0","0","33","0","0","163","229","0","2","0","1","0","7","0","0","2","0","2","1","0.666667","0","33","163","229","0","2","13","0","1","1","0","7","73","0","1","0","0","0","2","0","2","1","0","0","7","6","20","3","0","19","1","0","0","0","6","0","0"
"L14495","pachube","com.serotonin.mango.rt.publish.pachube","L14362","L103","0.166667","0","0","0","0","0","0","0","48","0","0","141","220","0","3","0","1","0","9","0","0","4","0","1","5","0.166667","0","48","141","220","0","3","13","0","2","1","0","9","51","0","2","0","0","0","4","0","1","5","0","0","5","1","15","0","0","12","1","0","1","1","1","0","0"
"L14591","persistent","com.serotonin.mango.rt.publish.persistent","L14362","L103","0.125","0","0","0","0","0","0","0","107","0","0","813","1077","0","10","1","11","0","56","0","0","33","0","4","28","0.125","0","107","813","1077","0","10","13","1","6","11","0","56","417","0","5","1","0","0","33","0","4","28","0","5","28","10","102","4","11","95","4","0","4","3","0","0","0"
"L19088","bacnet","com.serotonin.mango.vo.dataSource.bacnet","L19055","L103","0.0289855","0.11912","0","0","0","0","0","0","57","0","0","927","1087","0","2","0","26","0","72","0","0","67","24","2","67","0.0289855","0","57","927","1087","0","2","13","0","2","26","0","72","295","0","2","0","0","0","67","24","2","67","0","0","27","4","55","2","1","55","0","0","3","0","0","0","0"
"L19590","ebro","com.serotonin.mango.vo.dataSource.ebro","L19055","L103","0.0422535","0","0","0","0","0","0","0","78","0","0","536","718","0","3","0","30","0","75","0","0","68","22","3","68","0.0422535","0","78","536","718","0","3","13","0","3","30","0","75","214","0","3","0","0","0","68","22","3","68","0","0","27","9","49","1","7","46","1","0","2","0","2","0","0"
"L19797","galil","com.serotonin.mango.vo.dataSource.galil","L19055","L103","0.0692308","0","0","0","0","0","0","0","227","0","0","913","1340","0","8","0","42","1","141","0","0","121","27","9","121","0.0692308","0","227","913","1340","0","8","13","0","8","42","1","141","308","0","8","0","1","0","121","27","9","121","0","0","37","4","86","1","6","77","0","0","3","0","4","0","0"
"L20204","http","com.serotonin.mango.vo.dataSource.http","L19055","L103","0.0560748","0.0491723","1","12","0","1","0","0","164","0","0","895","1233","0","6","0","39","0","122","0","0","101","27","6","101","0.0560748","0","164","895","1233","0","6","13","0","6","39","0","122","322","0","6","0","0","0","101","27","6","101","0","0","41","8","89","2","6","85","0","0","6","0","0","0","0"
"L20545","internal","com.serotonin.mango.vo.dataSource.internal","L19055","L103","0.0769231","0","0","0","0","0","0","0","62","0","0","220","320","0","2","0","8","1","30","0","0","23","3","2","24","0.0769231","0","62","220","320","0","2","13","0","2","8","1","30","54","0","2","0","1","0","23","3","2","24","0","0","5","1","26","0","7","19","0","0","1","0","0","0","0"
"L20649","jmx","com.serotonin.mango.vo.dataSource.jmx","L19055","L103","0.0540541","0","0","0","0","0","0","0","52","0","0","293","402","0","2","0","11","0","42","0","0","35","10","2","35","0.0540541","0","52","293","402","0","2","13","0","2","11","0","42","104","0","2","0","0","0","35","10","2","35","0","0","9","0","22","1","0","22","0","0","0","0","0","0","0"
"L20762","mbus","com.serotonin.mango.vo.dataSource.mbus","L19055","L103","0.643678","0.0229508","1","4","0","1","0.0592992","0.0643777","256","22","15","647","1026","0","2","0","37","0","92","0","0","85","32","56","31","0.643678","0","256","647","1026","0","2","13","0","2","37","0","92","256","0","2","0","0","0","85","32","56","31","0","0","40","10","12","2","10","6","2","0","2","0","2","0","0"
"L21049","meta","com.serotonin.mango.vo.dataSource.meta","L19055","L103","0.0740741","0","0","0","0","0","0","0","57","0","0","353","477","0","2","0","10","0","35","0","0","25","6","2","25","0.0740741","0","57","353","477","0","2","13","0","2","10","0","35","158","0","2","0","0","0","25","6","2","25","0","0","9","5","33","1","0","30","2","0","6","0","0","0","0"
"L21159","modbus","com.serotonin.mango.vo.dataSource.modbus","L19055","L103","0.00892857","0","0","0","0","0","0","0","104","0","0","1068","1339","0","4","2","42","0","125","0","0","106","37","1","111","0.00892857","0","104","1068","1339","0","4","13","2","4","42","0","125","493","0","4","2","0","0","106","37","1","111","0","0","52","7","107","3","0","100","2","0","7","0","5","0","0"
"L21496","nmea","com.serotonin.mango.vo.dataSource.nmea","L19055","L103","0.0666667","0","0","0","0","0","0","0","54","0","0","230","334","0","2","0","11","0","35","0","0","28","7","2","28","0.0666667","0","54","230","334","0","2","13","0","2","11","0","35","76","0","2","0","0","0","28","7","2","28","0","0","6","0","19","0","0","19","0","0","0","0","0","0","0"
"L21594","onewire","com.serotonin.mango.vo.dataSource.onewire","L19055","L103","0.05","0","0","0","0","0","0","0","64","0","0","362","492","0","2","0","17","1","44","0","0","37","8","2","38","0.05","0","64","362","492","0","2","13","0","2","17","1","44","143","0","2","0","1","0","37","8","2","38","0","0","13","2","50","2","6","44","0","0","2","0","0","0","0"
"L21718","openv4j","com.serotonin.mango.vo.dataSource.openv4j","L19055","L103","0.25641","0.0449358","1","4","0","1","0.0791367","0.078534","84","22","15","310","459","0","2","0","19","0","44","0","0","37","6","10","29","0.25641","0","84","310","459","0","2","13","0","2","19","0","44","94","0","2","0","0","0","37","6","10","29","0","1","18","1","8","2","1","6","0","0","1","0","2","0","0"
"L21840","pachube","com.serotonin.mango.vo.dataSource.pachube","L19055","L103","0","0","0","0","0","0","0","0","48","0","0","289","395","0","2","0","13","0","42","0","0","35","10","0","37","0","0","48","289","395","0","2","13","0","2","13","0","42","102","0","2","0","0","0","35","10","0","37","0","0","9","0","27","0","0","27","0","0","0","0","0","0","0"
"L21953","persistent","com.serotonin.mango.vo.dataSource.persistent","L19055","L103","0","0","0","0","0","0","0","0","13","0","0","165","219","0","2","0","7","0","27","0","0","20","4","0","22","0","0","13","165","219","0","2","13","0","2","7","0","27","45","0","2","0","0","0","20","4","0","22","0","0","4","0","14","0","0","14","0","0","0","0","0","0","0"
"L22041","pop3","com.serotonin.mango.vo.dataSource.pop3","L19055","L103","0.0454545","0.115759","1","12","0","1","0","0","54","0","0","376","497","0","2","0","14","0","49","0","0","42","13","2","42","0.0454545","0","54","376","497","0","2","13","0","2","14","0","49","148","0","2","0","0","0","42","13","2","42","0","0","25","1","33","1","0","32","0","0","2","0","0","0","0"
"L22170","snmp","com.serotonin.mango.vo.dataSource.snmp","L19055","L103","0.0298507","0","0","0","0","0","0","0","56","0","0","525","675","0","2","0","26","3","69","0","0","62","23","2","65","0.0298507","0","56","525","675","0","2","13","0","2","26","3","69","222","0","2","0","3","0","62","23","2","65","0","0","22","2","62","1","18","44","1","0","1","0","0","0","0"
"L22350","spinwave","com.serotonin.mango.vo.dataSource.spinwave","L19055","L103","0.0909091","0","0","0","0","0","0","0","110","0","0","402","597","0","4","0","23","1","50","0","0","39","7","4","40","0.0909091","0","110","402","597","0","4","13","0","4","23","1","50","148","0","4","0","1","0","39","7","4","40","0","0","11","4","47","0","7","42","0","0","2","0","0","0","0"
"L22523","sql","com.serotonin.mango.vo.dataSource.sql","L19055","L103","0.047619","0","0","0","0","0","0","0","54","0","0","325","440","0","2","0","15","0","47","0","0","40","12","2","40","0.047619","0","54","325","440","0","2","13","0","2","15","0","47","124","0","2","0","0","0","40","12","2","40","0","0","11","0","29","0","0","27","1","0","0","0","1","0","0"
"L22646","viconics","com.serotonin.mango.vo.dataSource.viconics","L19055","L103","0.0444444","0","0","0","0","0","0","0","60","0","0","314","437","0","2","0","17","0","48","0","0","43","15","2","43","0.0444444","0","60","314","437","0","2","13","0","2","17","0","48","117","0","2","0","0","0","43","15","2","43","0","0","14","3","36","2","2","34","1","0","1","0","1","0","0"
"L22768","virtual","com.serotonin.mango.vo.dataSource.virtual","L19055","L103","0.00729927","0","0","0","0","0","0","0","302","0","0","1134","1683","0","12","0","44","1","153","0","0","124","30","1","136","0.00729927","0","302","1134","1683","0","12","13","0","12","44","1","153","403","0","12","0","1","0","124","30","1","136","0","0","40","7","123","3","15","112","0","0","3","0","0","0","0"
"L23261","vmstat","com.serotonin.mango.vo.dataSource.vmstat","L19055","L103","0.08","0","0","0","0","0","0","0","53","0","0","240","341","0","2","0","8","2","28","0","0","21","3","2","23","0.08","0","53","240","341","0","2","13","0","2","8","2","28","52","0","2","0","2","0","21","3","2","23","0","0","6","1","41","0","22","19","0","0","1","0","0","0","0"
"L24444","httpSender","com.serotonin.mango.vo.publish.httpSender","L24440","L103","0.08","0","0","0","0","0","0","0","54","0","0","228","330","0","2","0","9","0","29","0","0","23","8","2","23","0.08","0","54","228","330","0","2","13","0","2","9","0","29","76","0","2","0","0","0","23","8","2","23","0","0","11","1","24","1","0","23","1","0","1","0","0","0","0"
"L24551","pachube","com.serotonin.mango.vo.publish.pachube","L24440","L103","0","0","0","0","0","0","0","0","48","0","0","149","233","0","2","0","9","0","21","0","0","15","5","0","17","0","0","48","149","233","0","2","13","0","2","9","0","21","43","0","2","0","0","0","15","5","0","17","0","0","6","0","12","0","0","11","1","0","0","0","0","0","0"
"L24615","persistent","com.serotonin.mango.vo.publish.persistent","L24440","L103","0","0","0","0","0","0","0","0","50","0","0","216","314","0","2","0","12","0","29","0","0","23","8","0","25","0","0","50","216","314","0","2","13","0","2","12","0","29","63","0","2","0","0","0","23","8","0","25","0","0","10","4","21","1","2","20","1","0","2","0","0","0","0"
"L26275","beans","com.serotonin.mango.web.dwr.beans","L26108","L103","0.153571","0.100433","5","92","0","16","0","0","882","0","0","3000","4486","0","41","0","110","2","294","0","0","247","46","43","237","0.153571","0","882","3000","4486","0","41","13","0","35","110","2","294","1368","0","33","0","2","0","247","46","43","237","0","13","170","53","211","18","22","179","25","0","42","4","5","0","0"
"L29340","longPoll","com.serotonin.mango.web.dwr.longPoll","L26108","L103","0.0833333","0","0","0","0","0","0","0","79","0","0","208","351","0","3","0","16","0","48","0","0","45","18","4","44","0.0833333","0","79","208","351","0","3","13","0","3","16","0","48","63","0","3","0","0","0","45","18","4","44","0","1","13","0","17","0","1","11","3","0","1","0","2","0","0"
"L30207","util","com.serotonin.mango.web.dwr.util","L26108","L103","0.5","0","0","0","0","0","0","0","63","0","0","52","134","0","3","0","0","0","3","0","0","3","0","3","3","0.5","0","63","52","134","0","3","13","0","3","0","0","3","13","0","3","0","0","0","3","0","3","3","0","0","3","3","4","0","3","0","3","0","1","0","0","0","0"
"L30748","controller","com.serotonin.mango.web.mvc.controller","L30745","L103","0.194444","0","0","0","0","0","0","0","411","0","0","1220","1916","0","20","0","10","0","56","0","0","25","11","7","29","0.194444","0","411","1220","1916","0","20","13","0","17","10","0","56","586","0","17","0","0","0","25","11","7","29","0","8","40","6","103","4","4","94","7","0","9","0","3","0","0"
"L31233","form","com.serotonin.mango.web.mvc.form","L30745","L103","0","0","0","0","0","0","0","0","54","0","0","68","147","0","3","0","8","0","16","0","0","16","8","0","19","0","0","54","68","147","0","3","13","0","3","8","0","16","16","0","3","0","0","0","16","8","0","19","0","0","3","0","3","0","0","0","3","0","0","0","0","0","0"
"L31273","interceptor","com.serotonin.mango.web.mvc.interceptor","L30745","L103","0.25","0","0","0","0","0","0","0","23","0","0","25","55","0","1","0","0","0","3","0","0","3","0","1","3","0.25","0","23","25","55","0","1","13","0","1","0","0","3","5","0","1","0","0","0","3","0","1","3","0","0","2","0","0","0","0","0","0","0","0","0","0","0","0"
